<?xml version="1.0" encoding="UTF-8"?>
<export version="D">
  <design>
    <source>C:\Users\erwan\Documents\1 - CENTRALE\2022-2023\BATO\PCB_BATO\PCB_BATO.sch</source>
    <date>23/03/2023 11:21:09</date>
    <tool>Eeschema (5.1.10)-1</tool>
    <sheet number="1" name="/" tstamps="/">
      <title_block>
        <title/>
        <company/>
        <rev/>
        <date/>
        <source>PCB_BATO.sch</source>
        <comment number="1" value=""/>
        <comment number="2" value=""/>
        <comment number="3" value=""/>
        <comment number="4" value=""/>
      </title_block>
    </sheet>
  </design>
  <components>
    <comp ref="R3">
      <value>330k</value>
      <footprint>Resistor_THT:R_Axial_DIN0207_L6.3mm_D2.5mm_P15.24mm_Horizontal</footprint>
      <datasheet>~</datasheet>
      <libsource lib="Device" part="R" description="Resistor"/>
      <sheetpath names="/" tstamps="/"/>
      <tstamp>63BD140D</tstamp>
    </comp>
    <comp ref="C1">
      <value>10u</value>
      <footprint>Capacitor_THT:C_Radial_D6.3mm_H7.0mm_P2.50mm</footprint>
      <datasheet>~</datasheet>
      <libsource lib="Device" part="C" description="Unpolarized capacitor"/>
      <sheetpath names="/" tstamps="/"/>
      <tstamp>63BD2295</tstamp>
    </comp>
    <comp ref="U1">
      <value>MCP6242-E_P</value>
      <footprint>footprint:DIP787W46P254L927H533Q8</footprint>
      <libsource lib="MCP6242-E_P" part="MCP6242-E_P" description=""/>
      <sheetpath names="/" tstamps="/"/>
      <tstamp>63BD34AE</tstamp>
    </comp>
    <comp ref="R1">
      <value>100k</value>
      <footprint>Resistor_THT:R_Axial_DIN0207_L6.3mm_D2.5mm_P15.24mm_Horizontal</footprint>
      <datasheet>~</datasheet>
      <libsource lib="Device" part="R" description="Resistor"/>
      <sheetpath names="/" tstamps="/"/>
      <tstamp>63BD5C69</tstamp>
    </comp>
    <comp ref="R2">
      <value>100k</value>
      <footprint>Resistor_THT:R_Axial_DIN0207_L6.3mm_D2.5mm_P15.24mm_Horizontal</footprint>
      <datasheet>~</datasheet>
      <libsource lib="Device" part="R" description="Resistor"/>
      <sheetpath names="/" tstamps="/"/>
      <tstamp>63BD631C</tstamp>
    </comp>
    <comp ref="R5">
      <value>9k</value>
      <footprint>Resistor_THT:R_Axial_DIN0207_L6.3mm_D2.5mm_P15.24mm_Horizontal</footprint>
      <datasheet>~</datasheet>
      <libsource lib="Device" part="R" description="Resistor"/>
      <sheetpath names="/" tstamps="/"/>
      <tstamp>63BDDA20</tstamp>
    </comp>
    <comp ref="R4">
      <value>1k</value>
      <footprint>Resistor_THT:R_Axial_DIN0207_L6.3mm_D2.5mm_P15.24mm_Horizontal</footprint>
      <datasheet>~</datasheet>
      <libsource lib="Device" part="R" description="Resistor"/>
      <sheetpath names="/" tstamps="/"/>
      <tstamp>63BDE579</tstamp>
    </comp>
    <comp ref="C2">
      <value>0,1u</value>
      <footprint>Capacitor_THT:C_Disc_D5.0mm_W2.5mm_P2.50mm</footprint>
      <datasheet>~</datasheet>
      <libsource lib="Device" part="C" description="Unpolarized capacitor"/>
      <sheetpath names="/" tstamps="/"/>
      <tstamp>63C527F1</tstamp>
    </comp>
    <comp ref="C4">
      <value>0,1u</value>
      <footprint>Capacitor_THT:C_Disc_D5.0mm_W2.5mm_P2.50mm</footprint>
      <datasheet>~</datasheet>
      <libsource lib="Device" part="C" description="Unpolarized capacitor"/>
      <sheetpath names="/" tstamps="/"/>
      <tstamp>63C5AE52</tstamp>
    </comp>
    <comp ref="U2">
      <value>CD4051B</value>
      <footprint>footprint:DIP794W45P254L1969H508Q16</footprint>
      <datasheet>http://www.ti.com/lit/ds/symlink/cd4052b.pdf</datasheet>
      <libsource lib="Analog_Switch" part="CD4051B" description="CMOS single 8-channel analog multiplexer demultiplexer, TSSOP-16/DIP-16/SOIC-16"/>
      <sheetpath names="/" tstamps="/"/>
      <tstamp>63BFC4E3</tstamp>
    </comp>
    <comp ref="C3">
      <value>0,1u</value>
      <footprint>Capacitor_THT:C_Disc_D5.0mm_W2.5mm_P2.50mm</footprint>
      <datasheet>~</datasheet>
      <libsource lib="Device" part="C" description="Unpolarized capacitor"/>
      <sheetpath names="/" tstamps="/"/>
      <tstamp>63C63AE9</tstamp>
    </comp>
    <comp ref="U3">
      <value>CD4051B</value>
      <footprint>footprint:DIP794W45P254L1969H508Q16</footprint>
      <datasheet>http://www.ti.com/lit/ds/symlink/cd4052b.pdf</datasheet>
      <libsource lib="Analog_Switch" part="CD4051B" description="CMOS single 8-channel analog multiplexer demultiplexer, TSSOP-16/DIP-16/SOIC-16"/>
      <sheetpath names="/" tstamps="/"/>
      <tstamp>63C0492A</tstamp>
    </comp>
    <comp ref="J1">
      <value>Conn_01x03</value>
      <footprint>TerminalBlock_Phoenix:TerminalBlock_Phoenix_MKDS-1,5-3-5.08_1x03_P5.08mm_Horizontal</footprint>
      <datasheet>~</datasheet>
      <libsource lib="Connector_Generic" part="Conn_01x03" description="Generic connector, single row, 01x03, script generated (kicad-library-utils/schlib/autogen/connector/)"/>
      <sheetpath names="/" tstamps="/"/>
      <tstamp>641BAAB3</tstamp>
    </comp>
    <comp ref="J2">
      <value>Conn_01x03</value>
      <footprint>TerminalBlock_Phoenix:TerminalBlock_Phoenix_MKDS-1,5-3-5.08_1x03_P5.08mm_Horizontal</footprint>
      <datasheet>~</datasheet>
      <libsource lib="Connector_Generic" part="Conn_01x03" description="Generic connector, single row, 01x03, script generated (kicad-library-utils/schlib/autogen/connector/)"/>
      <sheetpath names="/" tstamps="/"/>
      <tstamp>641BB74C</tstamp>
    </comp>
    <comp ref="J4">
      <value>Conn_01x02</value>
      <footprint>TerminalBlock_Phoenix:TerminalBlock_Phoenix_MKDS-1,5-2-5.08_1x02_P5.08mm_Horizontal</footprint>
      <datasheet>~</datasheet>
      <libsource lib="Connector_Generic" part="Conn_01x02" description="Generic connector, single row, 01x02, script generated (kicad-library-utils/schlib/autogen/connector/)"/>
      <sheetpath names="/" tstamps="/"/>
      <tstamp>6423766E</tstamp>
    </comp>
    <comp ref="J3">
      <value>Conn_01x05</value>
      <footprint>TerminalBlock_Phoenix:TerminalBlock_Phoenix_MKDS-1,5-5-5.08_1x05_P5.08mm_Horizontal</footprint>
      <datasheet>~</datasheet>
      <libsource lib="Connector_Generic" part="Conn_01x05" description="Generic connector, single row, 01x05, script generated (kicad-library-utils/schlib/autogen/connector/)"/>
      <sheetpath names="/" tstamps="/"/>
      <tstamp>6423FB26</tstamp>
    </comp>
  </components>
  <libparts>
    <libpart lib="Analog_Switch" part="CD4051B">
      <description>CMOS single 8-channel analog multiplexer demultiplexer, TSSOP-16/DIP-16/SOIC-16</description>
      <docs>http://www.ti.com/lit/ds/symlink/cd4052b.pdf</docs>
      <footprints>
        <fp>TSSOP*4.4x5mm*P0.65mm*</fp>
        <fp>DIP*W7.62*</fp>
        <fp>SOIC*3.9x9.9mm*P1.27mm*</fp>
        <fp>SO*5.3x10.2mm*P1.27mm*</fp>
      </footprints>
      <fields>
        <field name="Reference">U</field>
        <field name="Value">CD4051B</field>
      </fields>
      <pins>
        <pin num="1" name="X4" type="BiDi"/>
        <pin num="2" name="X6" type="BiDi"/>
        <pin num="3" name="X" type="BiDi"/>
        <pin num="4" name="X7" type="BiDi"/>
        <pin num="5" name="X5" type="BiDi"/>
        <pin num="6" name="INH" type="input"/>
        <pin num="7" name="VEE" type="power_in"/>
        <pin num="8" name="VSS" type="power_in"/>
        <pin num="9" name="C" type="input"/>
        <pin num="10" name="B" type="input"/>
        <pin num="11" name="A" type="input"/>
        <pin num="12" name="X3" type="BiDi"/>
        <pin num="13" name="X0" type="BiDi"/>
        <pin num="14" name="X1" type="BiDi"/>
        <pin num="15" name="X2" type="BiDi"/>
        <pin num="16" name="VDD" type="power_in"/>
      </pins>
    </libpart>
    <libpart lib="Connector_Generic" part="Conn_01x02">
      <description>Generic connector, single row, 01x02, script generated (kicad-library-utils/schlib/autogen/connector/)</description>
      <docs>~</docs>
      <footprints>
        <fp>Connector*:*_1x??_*</fp>
      </footprints>
      <fields>
        <field name="Reference">J</field>
        <field name="Value">Conn_01x02</field>
      </fields>
      <pins>
        <pin num="1" name="Pin_1" type="passive"/>
        <pin num="2" name="Pin_2" type="passive"/>
      </pins>
    </libpart>
    <libpart lib="Connector_Generic" part="Conn_01x03">
      <description>Generic connector, single row, 01x03, script generated (kicad-library-utils/schlib/autogen/connector/)</description>
      <docs>~</docs>
      <footprints>
        <fp>Connector*:*_1x??_*</fp>
      </footprints>
      <fields>
        <field name="Reference">J</field>
        <field name="Value">Conn_01x03</field>
      </fields>
      <pins>
        <pin num="1" name="Pin_1" type="passive"/>
        <pin num="2" name="Pin_2" type="passive"/>
        <pin num="3" name="Pin_3" type="passive"/>
      </pins>
    </libpart>
    <libpart lib="Connector_Generic" part="Conn_01x05">
      <description>Generic connector, single row, 01x05, script generated (kicad-library-utils/schlib/autogen/connector/)</description>
      <docs>~</docs>
      <footprints>
        <fp>Connector*:*_1x??_*</fp>
      </footprints>
      <fields>
        <field name="Reference">J</field>
        <field name="Value">Conn_01x05</field>
      </fields>
      <pins>
        <pin num="1" name="Pin_1" type="passive"/>
        <pin num="2" name="Pin_2" type="passive"/>
        <pin num="3" name="Pin_3" type="passive"/>
        <pin num="4" name="Pin_4" type="passive"/>
        <pin num="5" name="Pin_5" type="passive"/>
      </pins>
    </libpart>
    <libpart lib="Device" part="C">
      <description>Unpolarized capacitor</description>
      <docs>~</docs>
      <footprints>
        <fp>C_*</fp>
      </footprints>
      <fields>
        <field name="Reference">C</field>
        <field name="Value">C</field>
      </fields>
      <pins>
        <pin num="1" name="~" type="passive"/>
        <pin num="2" name="~" type="passive"/>
      </pins>
    </libpart>
    <libpart lib="Device" part="R">
      <description>Resistor</description>
      <docs>~</docs>
      <footprints>
        <fp>R_*</fp>
      </footprints>
      <fields>
        <field name="Reference">R</field>
        <field name="Value">R</field>
      </fields>
      <pins>
        <pin num="1" name="~" type="passive"/>
        <pin num="2" name="~" type="passive"/>
      </pins>
    </libpart>
    <libpart lib="MCP6242-E_P" part="MCP6242-E_P">
      <fields>
        <field name="Reference">U</field>
        <field name="Value">MCP6242-E_P</field>
        <field name="Footprint">DIP787W46P254L927H533Q8</field>
      </fields>
      <pins>
        <pin num="1" name="VOUTA" type="output"/>
        <pin num="2" name="VINA-" type="input"/>
        <pin num="3" name="VINA+" type="input"/>
        <pin num="4" name="VSS" type="power_in"/>
        <pin num="5" name="VINB+" type="input"/>
        <pin num="6" name="VINB-" type="input"/>
        <pin num="7" name="VOUTB" type="output"/>
        <pin num="8" name="VDD" type="power_in"/>
      </pins>
    </libpart>
  </libparts>
  <libraries>
    <library logical="Analog_Switch">
      <uri>C:\Program Files\KiCad\share\kicad\library/Analog_Switch.lib</uri>
    </library>
    <library logical="Connector_Generic">
      <uri>C:\Program Files\KiCad\share\kicad\library/Connector_Generic.lib</uri>
    </library>
    <library logical="Device">
      <uri>C:\Program Files\KiCad\share\kicad\library/Device.lib</uri>
    </library>
    <library logical="MCP6242-E_P">
      <uri>C:\Users\erwan\Documents\1 - CENTRALE\2022-2023\BATO\PCB_BATO/lib_kicad/MCP6242-E_P.lib</uri>
    </library>
  </libraries>
  <nets>
    <net code="1" name="GND">
      <node ref="U3" pin="6"/>
      <node ref="R4" pin="2"/>
      <node ref="J2" pin="3"/>
      <node ref="J1" pin="3"/>
      <node ref="U3" pin="9"/>
      <node ref="U3" pin="8"/>
      <node ref="U3" pin="7"/>
      <node ref="J4" pin="1"/>
      <node ref="C2" pin="2"/>
      <node ref="C3" pin="2"/>
      <node ref="R2" pin="2"/>
      <node ref="U1" pin="4"/>
      <node ref="C1" pin="2"/>
      <node ref="U2" pin="11"/>
      <node ref="C4" pin="2"/>
      <node ref="U3" pin="11"/>
      <node ref="U2" pin="6"/>
      <node ref="U2" pin="7"/>
      <node ref="U2" pin="8"/>
      <node ref="U2" pin="9"/>
    </net>
    <net code="2" name="PWM_A_1">
      <node ref="U2" pin="15"/>
      <node ref="J3" pin="1"/>
    </net>
    <net code="3" name="Net-(U2-Pad14)">
      <node ref="U2" pin="14"/>
    </net>
    <net code="4" name="Net-(C1-Pad1)">
      <node ref="U1" pin="3"/>
      <node ref="R3" pin="1"/>
      <node ref="C1" pin="1"/>
    </net>
    <net code="5" name="Net-(U3-Pad1)">
      <node ref="U3" pin="1"/>
    </net>
    <net code="6" name="Net-(U3-Pad12)">
      <node ref="U3" pin="12"/>
    </net>
    <net code="7" name="PWM_M_2">
      <node ref="J3" pin="4"/>
      <node ref="U3" pin="13"/>
    </net>
    <net code="8" name="Net-(U3-Pad14)">
      <node ref="U3" pin="14"/>
    </net>
    <net code="9" name="Net-(U3-Pad2)">
      <node ref="U3" pin="2"/>
    </net>
    <net code="10" name="Net-(U2-Pad1)">
      <node ref="U2" pin="1"/>
    </net>
    <net code="11" name="Net-(U2-Pad12)">
      <node ref="U2" pin="12"/>
    </net>
    <net code="12" name="Net-(U3-Pad4)">
      <node ref="U3" pin="4"/>
    </net>
    <net code="13" name="Net-(U2-Pad2)">
      <node ref="U2" pin="2"/>
    </net>
    <net code="14" name="Net-(U2-Pad4)">
      <node ref="U2" pin="4"/>
    </net>
    <net code="15" name="Net-(U2-Pad5)">
      <node ref="U2" pin="5"/>
    </net>
    <net code="16" name="+5V">
      <node ref="J1" pin="2"/>
      <node ref="C3" pin="1"/>
      <node ref="U3" pin="16"/>
      <node ref="U1" pin="8"/>
      <node ref="R1" pin="1"/>
      <node ref="U2" pin="16"/>
      <node ref="J4" pin="2"/>
      <node ref="C4" pin="1"/>
      <node ref="C2" pin="1"/>
      <node ref="J2" pin="2"/>
    </net>
    <net code="17" name="PWM_A_2">
      <node ref="U3" pin="15"/>
      <node ref="J3" pin="2"/>
    </net>
    <net code="18" name="PWM_M_1">
      <node ref="J3" pin="3"/>
      <node ref="U2" pin="13"/>
    </net>
    <net code="19" name="SWITCH">
      <node ref="R3" pin="2"/>
      <node ref="J3" pin="5"/>
    </net>
    <net code="20" name="Net-(U3-Pad5)">
      <node ref="U3" pin="5"/>
    </net>
    <net code="21" name="PWM_1">
      <node ref="U2" pin="3"/>
      <node ref="J1" pin="1"/>
    </net>
    <net code="22" name="PWM_2">
      <node ref="U3" pin="3"/>
      <node ref="J2" pin="1"/>
    </net>
    <net code="23" name="Vboost">
      <node ref="R5" pin="1"/>
      <node ref="U1" pin="5"/>
      <node ref="U1" pin="1"/>
    </net>
    <net code="24" name="Net-(R4-Pad1)">
      <node ref="R5" pin="2"/>
      <node ref="U1" pin="2"/>
      <node ref="R4" pin="1"/>
    </net>
    <net code="25" name="Net-(U1-Pad7)">
      <node ref="U1" pin="7"/>
      <node ref="U2" pin="10"/>
      <node ref="U3" pin="10"/>
    </net>
    <net code="26" name="Vref">
      <node ref="R2" pin="1"/>
      <node ref="R1" pin="2"/>
      <node ref="U1" pin="6"/>
    </net>
  </nets>
</export>
